<?xml version="1.0" encoding="UTF-8"?>
<metadata>
  <groupId>org.webjars.bower</groupId>
  <artifactId>angular</artifactId>
  <versioning>
    <latest>1.5.5</latest>
    <release>1.5.5</release>
    <versions>
      <version>1.2.7</version>
      <version>1.2.9</version>
      <version>1.2.16</version>
      <version>1.2.20</version>
      <version>1.2.21</version>
      <version>1.2.23</version>
      <version>1.2.28</version>
      <version>1.2.29</version>
      <version>1.3.0-beta.19</version>
      <version>1.3.0</version>
      <version>1.3.8</version>
      <version>1.3.11</version>
      <version>1.3.14</version>
      <version>1.3.15</version>
      <version>1.3.16</version>
      <version>1.3.17</version>
      <version>1.3.18</version>
      <version>1.3.20</version>
      <version>1.4.0-beta.6</version>
      <version>1.4.0-rc.1</version>
      <version>1.4.0-rc.2</version>
      <version>1.4.1</version>
      <version>1.4.2</version>
      <version>1.4.3</version>
      <version>1.4.4</version>
      <version>1.4.5</version>
      <version>1.4.6</version>
      <version>1.4.7</version>
      <version>1.4.8</version>
      <version>1.4.9</version>
      <version>1.5.0-beta.0</version>
      <version>1.5.0-beta.2</version>
      <version>1.5.0-rc.0</version>
      <version>1.5.0-rc.1</version>
      <version>1.5.0-rc.2</version>
      <version>1.5.0</version>
      <version>1.5.1</version>
      <version>1.5.2</version>
      <version>1.5.3</version>
      <version>1.5.4</version>
      <version>1.5.5</version>
    </versions>
    <lastUpdated>20160418211010</lastUpdated>
  </versioning>
</metadata>
